Database,Metric Name,Category,Iterations,Ops/Sec,Mean (ms),Min (ms),P50 Median (ms),P90 (ms),P95 (ms),P99 (ms),Max (ms),StdDev (ms),Notes
"Redis","Redis: Key-Value Point Read (O(1) Hash Map)","caching",100,1273.9,0.785,0.42,0.72,1.12,1.25,1.41,1.45,0.22,"Direct RAM lookup via in-memory dictionary; zero disk I/O."
"Redis","Redis: Cache-Aside Warm Request (Cache Hit)","caching",100,1173.7,0.852,0.48,0.81,1.18,1.32,1.51,1.55,0.24,"Recommendation returned directly from Redis memory cache."
"Redis","Redis: Cache-Aside Cold Request (Cache Miss + DB Populate)","caching",100,64.9,15.4,12.8,15.1,17.6,18.2,19.1,19.4,1.62,"Cache miss forces DB read, computation, serialization, and SET."
"Cassandra","Cassandra: Sequential Append-Heavy Ingestion (CommitLog + Memtable)","write",100,377.4,2.65,1.75,2.52,3.45,3.78,4.05,4.12,0.54,"LSM-Tree commit log write with zero read-before-write overhead."
"Cassandra","Cassandra: Partition Key Range Query (Clustered Time-Series)","read",100,170.9,5.85,4.1,5.62,7.42,8.12,8.75,8.9,1.15,"Targeted token(student_id) lookup with reversed clustering timestamp."
"Neo4j","Neo4j: 1-Hop Neighbor Traversal (Index-Free Adjacency)","traversal",100,253.2,3.95,2.7,3.82,5.12,5.45,5.72,5.8,0.72,"Direct double-linked memory pointer hop (:Student)-[:STUDENT_HAS_SKILL]->(:Skill)."
"Neo4j","Neo4j: 2-Hop Career Path Match","traversal",100,147.1,6.8,4.6,6.55,8.85,9.21,9.55,9.6,1.25,"Multi-hop traversal: (:Student)-[:INTERESTED_IN]->(:Skill)<-[:REQUIRES]-(:Job)."
"Neo4j","Neo4j: 3-Hop DAG Prerequisite Chain","traversal",100,95.7,10.45,7.2,10.15,13.25,14.05,14.65,14.8,1.88,"Recursive transitive closure traversal for prerequisite verification."
"MongoDB","MongoDB: Primary Key Read (B-Tree Scan)","read",100,204.1,4.9,3.1,4.75,6.52,6.95,7.28,7.4,0.95,"Direct _id lookup using clustered B-Tree index; point query."
"MongoDB","MongoDB: Secondary Index Filter & Pagination","read",100,138.9,7.2,4.4,6.95,9.45,10.15,10.65,10.8,1.48,"Compound index scan on department/year with skip/limit cursor."
"MongoDB","MongoDB: Multi-Collection Emulated Join / Aggregation","composite",100,67.6,14.8,9.5,14.45,18.65,19.45,19.95,20.2,2.75,"Aggregation pipeline processing course prerequisites and enrollments."
"MongoDB","MongoDB: Document Update (Journaled Write)","write",100,116.3,8.6,5.8,8.25,11.45,12.35,12.95,13.1,1.72,"Document update with WiredTiger checkpointing & oplog append."
"Polyglot","Polyglot: Hybrid End-to-End Composite Request","composite",100,48.1,20.8,14.5,20.25,26.45,27.85,29.15,29.5,3.65,"Coordinates Redis (Cache) -> MongoDB (Profile) -> Neo4j (Graph) -> Cassandra (Audit Log)."
